generator,n_leaves,variable,KL
Phylo2Vec,5,0,0.001789133426586445
Phylo2Vec,10,0,0.001798873013895438
Phylo2Vec,15,0,0.00417734227524405
Phylo2Vec,20,0,0.0023543455195451472
Phylo2Vec,25,0,0.0027502410688225593
Phylo2Vec,30,0,0.0009492347342741956
Phylo2Vec,35,0,0.0013055622373591286
Phylo2Vec,40,0,0.005497598796142242
Phylo2Vec,45,0,0.0029538870146813903
Phylo2Vec,50,0,0.0019634150333279927
ape (rmtree),5,0,0.0024792160227385777
ape (rmtree),10,0,0.0026802024439919296
ape (rmtree),15,0,0.003239544522102865
ape (rmtree),20,0,0.0021928487409750286
ape (rmtree),25,0,0.005235443155883743
ape (rmtree),30,0,0.0019169856881238768
ape (rmtree),35,0,0.004444866975554162
ape (rmtree),40,0,0.006230330211344651
ape (rmtree),45,0,0.0020589395140721625
ape (rmtree),50,0,0.006325428835492673
Phylo2Vec,5,1,0.002943502078998588
Phylo2Vec,10,1,0.002335563523704663
Phylo2Vec,15,1,0.003705346077549472
Phylo2Vec,20,1,0.003781179446891745
Phylo2Vec,25,1,0.0037205888667139414
Phylo2Vec,30,1,0.0026261443465144616
Phylo2Vec,35,1,0.005385445786435164
Phylo2Vec,40,1,0.0014071965099541756
Phylo2Vec,45,1,0.002133298116788529
Phylo2Vec,50,1,0.005006931220242594
ape (rmtree),5,1,0.0021869938898274547
ape (rmtree),10,1,0.0033820476997686415
ape (rmtree),15,1,0.002372615078171004
ape (rmtree),20,1,0.0008855640386348177
ape (rmtree),25,1,0.0014549309205438739
ape (rmtree),30,1,0.006457982870121213
ape (rmtree),35,1,0.002964937077132497
ape (rmtree),40,1,0.0019181032848809365
ape (rmtree),45,1,0.0012886728866799532
ape (rmtree),50,1,0.004719933841693773
Phylo2Vec,5,2,0.0038208876444311077
Phylo2Vec,10,2,0.0023601106972993037
Phylo2Vec,15,2,0.0025303221329399522
Phylo2Vec,20,2,0.003130227714873736
Phylo2Vec,25,2,0.003137142663944884
Phylo2Vec,30,2,0.0015026691134116393
Phylo2Vec,35,2,0.006081078406223468
Phylo2Vec,40,2,0.0007856056737490201
Phylo2Vec,45,2,0.0021379617393673007
Phylo2Vec,50,2,0.0030771142290039397
ape (rmtree),5,2,0.0031798476279053384
ape (rmtree),10,2,0.004387195519782446
ape (rmtree),15,2,0.002841302071833734
ape (rmtree),20,2,0.0009030456856182493
ape (rmtree),25,2,0.0015641768623471763
ape (rmtree),30,2,0.0024306030180660868
ape (rmtree),35,2,0.004605730205097795
ape (rmtree),40,2,0.0017454935275787783
ape (rmtree),45,2,0.0024353799329003382
ape (rmtree),50,2,0.00149172462085876
Phylo2Vec,5,3,0.0020974764940175483
Phylo2Vec,10,3,0.001961520810761702
Phylo2Vec,15,3,0.0017973869246495494
Phylo2Vec,20,3,0.0013435095776201623
Phylo2Vec,25,3,0.010666108183865076
Phylo2Vec,30,3,0.0016296140917020849
Phylo2Vec,35,3,0.0029003700238315402
Phylo2Vec,40,3,0.0011081415771738608
Phylo2Vec,45,3,0.003168631514736172
Phylo2Vec,50,3,0.0021407901962484533
ape (rmtree),5,3,0.0042923041236644244
ape (rmtree),10,3,0.002838622834068066
ape (rmtree),15,3,0.00094441363860172
ape (rmtree),20,3,0.0016168821877520848
ape (rmtree),25,3,0.0006618803647012193
ape (rmtree),30,3,0.0015843904075515738
ape (rmtree),35,3,0.004588277565740102
ape (rmtree),40,3,0.0007975828445697204
ape (rmtree),45,3,0.0007325473753394874
ape (rmtree),50,3,0.005276379020372007
Phylo2Vec,5,4,0.0030787136644153217
Phylo2Vec,10,4,0.006913499446735812
Phylo2Vec,15,4,0.002359542371349655
Phylo2Vec,20,4,0.0026806641147018133
Phylo2Vec,25,4,0.0029051720955773318
Phylo2Vec,30,4,0.0012280917815504907
Phylo2Vec,35,4,0.0027745817083078784
Phylo2Vec,40,4,0.0034174066319161978
Phylo2Vec,45,4,0.0015217840310568515
Phylo2Vec,50,4,0.004759985169619521
ape (rmtree),5,4,0.0012291892144688935
ape (rmtree),10,4,0.0018702861820624785
ape (rmtree),15,4,0.002305539228505491
ape (rmtree),20,4,0.00735078075980769
ape (rmtree),25,4,0.0013425327904596149
ape (rmtree),30,4,0.0010391625164251211
ape (rmtree),35,4,0.0038667287936535663
ape (rmtree),40,4,0.0032625441240607487
ape (rmtree),45,4,0.004265132528050032
ape (rmtree),50,4,0.006703389266557343
Phylo2Vec,5,5,0.003321933423382273
Phylo2Vec,10,5,0.0030760056342038133
Phylo2Vec,15,5,0.006188331761968903
Phylo2Vec,20,5,0.000645518452143173
Phylo2Vec,25,5,0.0012276193176691793
Phylo2Vec,30,5,0.0011817336758860758
Phylo2Vec,35,5,0.0026777416998091524
Phylo2Vec,40,5,0.0019315158827973473
Phylo2Vec,45,5,0.003124692480112077
Phylo2Vec,50,5,0.006203461370937007
ape (rmtree),5,5,0.003186255224620727
ape (rmtree),10,5,0.005569944883843289
ape (rmtree),15,5,0.003963156348673214
ape (rmtree),20,5,0.0018259045511985709
ape (rmtree),25,5,0.0013053831085538287
ape (rmtree),30,5,0.0019129983637728096
ape (rmtree),35,5,0.0031769711072017915
ape (rmtree),40,5,0.0017952134072986362
ape (rmtree),45,5,0.0034340205144052297
ape (rmtree),50,5,0.0021318380621410237
Phylo2Vec,5,6,0.0032640850562202367
Phylo2Vec,10,6,0.0008912273654898043
Phylo2Vec,15,6,0.001242367068947231
Phylo2Vec,20,6,0.004076941316642062
Phylo2Vec,25,6,0.0010193014153553857
Phylo2Vec,30,6,0.0044187903560308495
Phylo2Vec,35,6,0.005110068560081227
Phylo2Vec,40,6,0.0027255012010622475
Phylo2Vec,45,6,0.0014154242973746095
Phylo2Vec,50,6,0.0014430950706208426
ape (rmtree),5,6,0.005165832394639224
ape (rmtree),10,6,0.00324968623404163
ape (rmtree),15,6,0.004372332327551163
ape (rmtree),20,6,0.0010439834711961395
ape (rmtree),25,6,0.003967589782270374
ape (rmtree),30,6,0.0028610080616428973
ape (rmtree),35,6,0.0025997919343073474
ape (rmtree),40,6,0.0027829560045426784
ape (rmtree),45,6,0.0035840537270084728
ape (rmtree),50,6,0.004349086057332221
Phylo2Vec,5,7,0.0020786623912742754
Phylo2Vec,10,7,0.0022277568324073006
Phylo2Vec,15,7,0.003126709998449372
Phylo2Vec,20,7,0.0008759278055325836
Phylo2Vec,25,7,0.0011018624856172603
Phylo2Vec,30,7,0.009859050941803636
Phylo2Vec,35,7,0.0011844884481727776
Phylo2Vec,40,7,0.0023328627822857065
Phylo2Vec,45,7,0.004424269516476086
Phylo2Vec,50,7,0.0011164349859050116
ape (rmtree),5,7,0.004033298471291458
ape (rmtree),10,7,0.0026768639076141503
ape (rmtree),15,7,0.004811671054926095
ape (rmtree),20,7,0.0027521858777391703
ape (rmtree),25,7,0.0038957053096926944
ape (rmtree),30,7,0.004763190372881122
ape (rmtree),35,7,0.0021688770619715976
ape (rmtree),40,7,0.0007296048780240042
ape (rmtree),45,7,0.0023317358908637336
ape (rmtree),50,7,0.0032608976981568435
Phylo2Vec,5,8,0.006011733092547791
Phylo2Vec,10,8,0.0029350168331258447
Phylo2Vec,15,8,0.0017499216871440185
Phylo2Vec,20,8,0.003324407490309024
Phylo2Vec,25,8,0.0036267462535038777
Phylo2Vec,30,8,0.00634881161185406
Phylo2Vec,35,8,0.003992921873279862
Phylo2Vec,40,8,0.001849458689264092
Phylo2Vec,45,8,0.0033109159507007727
Phylo2Vec,50,8,0.002777685683113693
ape (rmtree),5,8,0.005078362274089931
ape (rmtree),10,8,0.0022499321681804007
ape (rmtree),15,8,0.001109914554727978
ape (rmtree),20,8,0.0010849523928448072
ape (rmtree),25,8,0.0005935563392670887
ape (rmtree),30,8,0.0044292047585392375
ape (rmtree),35,8,0.002801663046282776
ape (rmtree),40,8,0.004199366286923219
ape (rmtree),45,8,0.0025970978244714282
ape (rmtree),50,8,0.003096816740538657
Phylo2Vec,5,9,0.0015451735399242446
Phylo2Vec,10,9,0.003604083623786808
Phylo2Vec,15,9,0.003245941924176994
Phylo2Vec,20,9,0.0036071123971718744
Phylo2Vec,25,9,0.0018214438224725576
Phylo2Vec,30,9,0.0007857474428163702
Phylo2Vec,35,9,0.0016284796622891874
Phylo2Vec,40,9,0.0029424913472871853
Phylo2Vec,45,9,0.004015074152329497
Phylo2Vec,50,9,0.004475318967604603
ape (rmtree),5,9,0.001517192313482997
ape (rmtree),10,9,0.0019899357716381873
ape (rmtree),15,9,0.005221700116436558
ape (rmtree),20,9,0.0029771467659535805
ape (rmtree),25,9,0.0023299215217446323
ape (rmtree),30,9,0.0015228378094887113
ape (rmtree),35,9,0.0028971330229833094
ape (rmtree),40,9,0.005027384756345919
ape (rmtree),45,9,0.003426611675598615
ape (rmtree),50,9,0.004693075184637886
Phylo2Vec,5,10,0.004986877898703779
Phylo2Vec,10,10,0.004601344149585365
Phylo2Vec,15,10,0.0033636606655306294
Phylo2Vec,20,10,0.0007869516204963165
Phylo2Vec,25,10,0.005381579773812761
Phylo2Vec,30,10,0.0023375911902769678
Phylo2Vec,35,10,0.003184674975096448
Phylo2Vec,40,10,0.0037094508963188486
Phylo2Vec,45,10,0.007683166272733343
Phylo2Vec,50,10,0.004042632843421058
ape (rmtree),5,10,0.0016339675459137067
ape (rmtree),10,10,0.0007607473422708115
ape (rmtree),15,10,0.0033857128857271157
ape (rmtree),20,10,0.0007801687391116845
ape (rmtree),25,10,0.003124418279823328
ape (rmtree),30,10,0.0008131703589434915
ape (rmtree),35,10,0.002230791790011122
ape (rmtree),40,10,0.0025818931572020587
ape (rmtree),45,10,0.0043734033428990855
ape (rmtree),50,10,0.010573494448675039
Phylo2Vec,5,11,0.0010663138826646733
Phylo2Vec,10,11,0.005095021902917392
Phylo2Vec,15,11,0.003912066826706154
Phylo2Vec,20,11,0.003222362160947595
Phylo2Vec,25,11,0.0027112549955634674
Phylo2Vec,30,11,0.0021369525770014693
Phylo2Vec,35,11,0.00255998946734887
Phylo2Vec,40,11,0.01084600013699696
Phylo2Vec,45,11,0.0024499311659595194
Phylo2Vec,50,11,0.006158498705136507
ape (rmtree),5,11,0.0064459022331780115
ape (rmtree),10,11,0.003318229635651872
ape (rmtree),15,11,0.0020685479084894976
ape (rmtree),20,11,0.0027097998521040736
ape (rmtree),25,11,0.0032233596928470092
ape (rmtree),30,11,0.002426037699097619
ape (rmtree),35,11,0.0012026763558601865
ape (rmtree),40,11,0.004517430551071976
ape (rmtree),45,11,0.0016849317919522058
ape (rmtree),50,11,0.0029308969041181424
Phylo2Vec,5,12,0.0038662603626857146
Phylo2Vec,10,12,0.0073750752988347434
Phylo2Vec,15,12,0.0023499772793260914
Phylo2Vec,20,12,0.005334251161744387
Phylo2Vec,25,12,0.0034353642381421794
Phylo2Vec,30,12,0.002402489123362787
Phylo2Vec,35,12,0.0023558698665440657
Phylo2Vec,40,12,0.005883057724187124
Phylo2Vec,45,12,0.005018385377192704
Phylo2Vec,50,12,0.005168773895035381
ape (rmtree),5,12,0.0011696712481245042
ape (rmtree),10,12,0.002041412041746597
ape (rmtree),15,12,0.0007154437118101122
ape (rmtree),20,12,0.0043135079971279005
ape (rmtree),25,12,0.002247013533967118
ape (rmtree),30,12,0.003152788080304697
ape (rmtree),35,12,0.002831955169180004
ape (rmtree),40,12,0.002811406073105021
ape (rmtree),45,12,0.001794795680532233
ape (rmtree),50,12,0.001765489918645672
Phylo2Vec,5,13,0.0011646112522676298
Phylo2Vec,10,13,0.0026480897986284526
Phylo2Vec,15,13,0.0071549944779221095
Phylo2Vec,20,13,0.0037701572620502423
Phylo2Vec,25,13,0.0016154982011499016
Phylo2Vec,30,13,0.0028751611365030565
Phylo2Vec,35,13,0.0006293561054442152
Phylo2Vec,40,13,0.0006524569025865823
Phylo2Vec,45,13,0.005078447873305905
Phylo2Vec,50,13,0.0026489377949710183
ape (rmtree),5,13,0.0027062934548263487
ape (rmtree),10,13,0.0030771646075294524
ape (rmtree),15,13,0.0018133006301108375
ape (rmtree),20,13,0.006435104007979021
ape (rmtree),25,13,0.003400638756077261
ape (rmtree),30,13,0.004090317799403373
ape (rmtree),35,13,0.0038186337107729736
ape (rmtree),40,13,0.0025229194004228253
ape (rmtree),45,13,0.0021260979406516516
ape (rmtree),50,13,0.0015693287497775751
Phylo2Vec,5,14,0.0025143500632461542
Phylo2Vec,10,14,0.005651241434641796
Phylo2Vec,15,14,0.005313333974989008
Phylo2Vec,20,14,0.007945085405852217
Phylo2Vec,25,14,0.003381211790722285
Phylo2Vec,30,14,0.001957764378345476
Phylo2Vec,35,14,0.001879259209414363
Phylo2Vec,40,14,0.00431317778579546
Phylo2Vec,45,14,0.0018274554328571824
Phylo2Vec,50,14,0.004117340678803687
ape (rmtree),5,14,0.0014632586305213186
ape (rmtree),10,14,0.004440188941508664
ape (rmtree),15,14,0.0021823568468019557
ape (rmtree),20,14,0.0031907353657622817
ape (rmtree),25,14,0.005185075999855674
ape (rmtree),30,14,0.008339608788401336
ape (rmtree),35,14,0.002574430655092424
ape (rmtree),40,14,0.005645896387977405
ape (rmtree),45,14,0.0030910743530838964
ape (rmtree),50,14,0.0025145981730649546
Phylo2Vec,5,15,0.0011548285211674177
Phylo2Vec,10,15,0.002731029351895474
Phylo2Vec,15,15,0.00942174593280018
Phylo2Vec,20,15,0.002047383478198321
Phylo2Vec,25,15,0.0025881417821839794
Phylo2Vec,30,15,0.0016432414472215455
Phylo2Vec,35,15,0.0010878350834804037
Phylo2Vec,40,15,0.0010999489317668589
Phylo2Vec,45,15,0.0035301069940601136
Phylo2Vec,50,15,0.002459869958509968
ape (rmtree),5,15,0.004160284044350385
ape (rmtree),10,15,0.003721920169733779
ape (rmtree),15,15,0.010635892893872657
ape (rmtree),20,15,0.0013960674990246991
ape (rmtree),25,15,0.002513796303828926
ape (rmtree),30,15,0.0017595866802575626
ape (rmtree),35,15,0.004047970364864137
ape (rmtree),40,15,0.0024070493461005476
ape (rmtree),45,15,0.002529609224980727
ape (rmtree),50,15,0.0026972760475530502
Phylo2Vec,5,16,0.004460439537049124
Phylo2Vec,10,16,0.003859434879018483
Phylo2Vec,15,16,0.0013585603429947472
Phylo2Vec,20,16,0.0021374354588169393
Phylo2Vec,25,16,0.0032270097888161646
Phylo2Vec,30,16,0.0042326642778292844
Phylo2Vec,35,16,0.0017056731587886623
Phylo2Vec,40,16,0.001531594831119823
Phylo2Vec,45,16,0.0030134298687956827
Phylo2Vec,50,16,0.0021927455617947005
ape (rmtree),5,16,0.0029984162873713856
ape (rmtree),10,16,0.0015595185339742513
ape (rmtree),15,16,0.002584232959945542
ape (rmtree),20,16,0.004156877250472426
ape (rmtree),25,16,0.0026227230391284457
ape (rmtree),30,16,0.0015756339021992805
ape (rmtree),35,16,0.0027760263230741586
ape (rmtree),40,16,0.0027823702393519577
ape (rmtree),45,16,0.002873868587387314
ape (rmtree),50,16,0.0013297074379582888
Phylo2Vec,5,17,0.0032363873644470874
Phylo2Vec,10,17,0.0077663929931208395
Phylo2Vec,15,17,0.005692765558090462
Phylo2Vec,20,17,0.0048086388975516325
Phylo2Vec,25,17,0.003338231887854594
Phylo2Vec,30,17,0.001584769072475383
Phylo2Vec,35,17,0.00043225670124659546
Phylo2Vec,40,17,0.007810306778913527
Phylo2Vec,45,17,0.003077609957595629
Phylo2Vec,50,17,0.0017033391923661038
ape (rmtree),5,17,0.0012639904433899112
ape (rmtree),10,17,0.004256572691922673
ape (rmtree),15,17,0.004863735365124654
ape (rmtree),20,17,0.008929289258046882
ape (rmtree),25,17,0.0061537805594567285
ape (rmtree),30,17,0.002488920402773851
ape (rmtree),35,17,0.0016885755725389402
ape (rmtree),40,17,0.016101330346471557
ape (rmtree),45,17,0.0016008384517474709
ape (rmtree),50,17,0.0037738544470410015
Phylo2Vec,5,18,0.0024313952203782255
Phylo2Vec,10,18,0.0008933774485231248
Phylo2Vec,15,18,0.0012318163929246565
Phylo2Vec,20,18,0.0019990654340697987
Phylo2Vec,25,18,0.0024691347209782437
Phylo2Vec,30,18,0.0049650630188421
Phylo2Vec,35,18,0.001712924516628668
Phylo2Vec,40,18,0.0030856777464664843
Phylo2Vec,45,18,0.0020755229420805245
Phylo2Vec,50,18,0.0006620857842531752
ape (rmtree),5,18,0.0028541328318190673
ape (rmtree),10,18,0.0023271072790576643
ape (rmtree),15,18,0.002593375919907853
ape (rmtree),20,18,0.001261222810700532
ape (rmtree),25,18,0.004224410967227199
ape (rmtree),30,18,0.0038741673496996767
ape (rmtree),35,18,0.0032165866120981053
ape (rmtree),40,18,0.002219413192495726
ape (rmtree),45,18,0.004217463124560504
ape (rmtree),50,18,0.0033570520064730783
Phylo2Vec,5,19,0.0013744329448378547
Phylo2Vec,10,19,0.0023444417813986776
Phylo2Vec,15,19,0.0029398051557226884
Phylo2Vec,20,19,0.0025233319651326996
Phylo2Vec,25,19,0.0013871417160210408
Phylo2Vec,30,19,0.0009662863610928989
Phylo2Vec,35,19,0.0032324513292703357
Phylo2Vec,40,19,0.0012492575293884456
Phylo2Vec,45,19,0.006734213356757425
Phylo2Vec,50,19,0.0026397341126559518
ape (rmtree),5,19,0.0022215302683553685
ape (rmtree),10,19,0.0007079691965646007
ape (rmtree),15,19,0.004411672712495716
ape (rmtree),20,19,0.006347337292943955
ape (rmtree),25,19,0.003541185629757424
ape (rmtree),30,19,0.0012791578513317164
ape (rmtree),35,19,0.0006366676581551003
ape (rmtree),40,19,0.00369089303586133
ape (rmtree),45,19,0.0012462398653896433
ape (rmtree),50,19,0.0035052791548019907
Phylo2Vec,5,20,0.002654815927876992
Phylo2Vec,10,20,0.0024784651604004664
Phylo2Vec,15,20,0.005699902246811633
Phylo2Vec,20,20,0.001947797447879573
Phylo2Vec,25,20,0.001851907766818808
Phylo2Vec,30,20,0.0022861021908652003
Phylo2Vec,35,20,0.0011803315032895313
Phylo2Vec,40,20,0.0026463983263837892
Phylo2Vec,45,20,0.003117953130827347
Phylo2Vec,50,20,0.0015866127646434278
ape (rmtree),5,20,0.0009181367850352204
ape (rmtree),10,20,0.002409910678763838
ape (rmtree),15,20,0.003691653204306415
ape (rmtree),20,20,0.003164421247005056
ape (rmtree),25,20,0.0030795417978967347
ape (rmtree),30,20,0.0037078502553369586
ape (rmtree),35,20,0.0022722842617620247
ape (rmtree),40,20,0.00124354362811456
ape (rmtree),45,20,0.0023602017034775017
ape (rmtree),50,20,0.0060879384002344855
Phylo2Vec,5,21,0.0041647808183254975
Phylo2Vec,10,21,0.002441277668907265
Phylo2Vec,15,21,0.007902429918291837
Phylo2Vec,20,21,0.00581317906147276
Phylo2Vec,25,21,0.0030724043246778627
Phylo2Vec,30,21,0.0023343182187090857
Phylo2Vec,35,21,0.003976193682625976
Phylo2Vec,40,21,0.0025810550733606392
Phylo2Vec,45,21,0.003142659465528264
Phylo2Vec,50,21,0.0036727509472398723
ape (rmtree),5,21,0.00497957164203185
ape (rmtree),10,21,0.003978308163007593
ape (rmtree),15,21,0.0032976550630624997
ape (rmtree),20,21,0.010293908931768854
ape (rmtree),25,21,0.007082134103150409
ape (rmtree),30,21,0.002374259679631254
ape (rmtree),35,21,0.001328925673763682
ape (rmtree),40,21,0.0033184400989016358
ape (rmtree),45,21,0.006857756796400785
ape (rmtree),50,21,0.0062982184949015516
Phylo2Vec,5,22,0.0035445813832826493
Phylo2Vec,10,22,0.002820827589562369
Phylo2Vec,15,22,0.0037588889532758248
Phylo2Vec,20,22,0.0010538394086537619
Phylo2Vec,25,22,0.007639371925569349
Phylo2Vec,30,22,0.0037917981956742536
Phylo2Vec,35,22,0.0004984851205015791
Phylo2Vec,40,22,0.0057172041462127746
Phylo2Vec,45,22,0.001739701965531323
Phylo2Vec,50,22,0.003055080154219514
ape (rmtree),5,22,0.009573038691413788
ape (rmtree),10,22,0.008238727282066649
ape (rmtree),15,22,0.0031317857779833338
ape (rmtree),20,22,0.003896647489526544
ape (rmtree),25,22,0.006119503910588776
ape (rmtree),30,22,0.0008213176237431424
ape (rmtree),35,22,0.0015663334351419117
ape (rmtree),40,22,0.003428081936324004
ape (rmtree),45,22,0.0016557312281547838
ape (rmtree),50,22,0.001303100174523765
Phylo2Vec,5,23,0.005216027987980664
Phylo2Vec,10,23,0.0023475947658985856
Phylo2Vec,15,23,0.002581167783595368
Phylo2Vec,20,23,0.0036653368570892225
Phylo2Vec,25,23,0.004284293530443489
Phylo2Vec,30,23,0.0027866061667080346
Phylo2Vec,35,23,0.0019553476389210303
Phylo2Vec,40,23,0.0017871867944654896
Phylo2Vec,45,23,0.0006082236641351824
Phylo2Vec,50,23,0.004021545238219668
ape (rmtree),5,23,0.004600042489756942
ape (rmtree),10,23,0.0014096922625822517
ape (rmtree),15,23,0.0020560701315230755
ape (rmtree),20,23,0.0072376890391048915
ape (rmtree),25,23,0.0017287342120093849
ape (rmtree),30,23,0.008021058009133365
ape (rmtree),35,23,0.007132979184021712
ape (rmtree),40,23,0.004737552543279981
ape (rmtree),45,23,0.0014260515317643056
ape (rmtree),50,23,0.006029830778362694
Phylo2Vec,5,24,0.0033157633350750434
Phylo2Vec,10,24,0.0022439956403040476
Phylo2Vec,15,24,0.0027705044459855575
Phylo2Vec,20,24,0.003159841206517136
Phylo2Vec,25,24,0.0028683070584364133
Phylo2Vec,30,24,0.0018126157345584731
Phylo2Vec,35,24,0.0021106236079951315
Phylo2Vec,40,24,0.0028244147733879864
Phylo2Vec,45,24,0.002573253992941068
Phylo2Vec,50,24,0.0031622478218253786
ape (rmtree),5,24,0.001798912564585968
ape (rmtree),10,24,0.004619546250538668
ape (rmtree),15,24,0.0039050611203994574
ape (rmtree),20,24,0.0017717713740625684
ape (rmtree),25,24,0.0034160594168680114
ape (rmtree),30,24,0.0011991318020485127
ape (rmtree),35,24,0.005330926086023488
ape (rmtree),40,24,0.002330948048696744
ape (rmtree),45,24,0.00466153764454947
ape (rmtree),50,24,0.0021752683264547636
Phylo2Vec,5,25,0.005868482249665397
Phylo2Vec,10,25,0.008710486659356732
Phylo2Vec,15,25,0.002272463271905688
Phylo2Vec,20,25,0.002771083352045744
Phylo2Vec,25,25,0.0011249089156900264
Phylo2Vec,30,25,0.004524404099253542
Phylo2Vec,35,25,0.0012104014779473343
Phylo2Vec,40,25,0.0013838727856807288
Phylo2Vec,45,25,0.000850945206486983
Phylo2Vec,50,25,0.0014252858486052383
ape (rmtree),5,25,0.0035901568843847882
ape (rmtree),10,25,0.0015604866799322457
ape (rmtree),15,25,0.003996947319452303
ape (rmtree),20,25,0.0007420022344416118
ape (rmtree),25,25,0.001210473881053959
ape (rmtree),30,25,0.003246053573733018
ape (rmtree),35,25,0.002847724997959754
ape (rmtree),40,25,0.0016086556211911667
ape (rmtree),45,25,0.002830705409288866
ape (rmtree),50,25,0.003411632190748321
Phylo2Vec,5,26,0.0027352371312920516
Phylo2Vec,10,26,0.0013311090778818499
Phylo2Vec,15,26,0.0003697452986185755
Phylo2Vec,20,26,0.0069652910473521346
Phylo2Vec,25,26,0.0036632495565218914
Phylo2Vec,30,26,0.0006976512215267106
Phylo2Vec,35,26,0.005998560920052694
Phylo2Vec,40,26,0.004839309412394414
Phylo2Vec,45,26,0.004400275985955514
Phylo2Vec,50,26,0.002584282804028195
ape (rmtree),5,26,0.00045357041691436234
ape (rmtree),10,26,0.0017885319282796505
ape (rmtree),15,26,0.0027992179424053843
ape (rmtree),20,26,0.006323023174873843
ape (rmtree),25,26,0.006346303944023288
ape (rmtree),30,26,0.0034749856707360525
ape (rmtree),35,26,0.0022225832718606314
ape (rmtree),40,26,0.0018852914076475276
ape (rmtree),45,26,0.0009374283675175035
ape (rmtree),50,26,0.0017016848128489689
Phylo2Vec,5,27,0.00313331184100207
Phylo2Vec,10,27,0.004196320790997663
Phylo2Vec,15,27,0.004036217961507823
Phylo2Vec,20,27,0.005038832722581013
Phylo2Vec,25,27,0.0027642784767387125
Phylo2Vec,30,27,0.002478435810851579
Phylo2Vec,35,27,0.0035577150179987548
Phylo2Vec,40,27,0.0026633600707722804
Phylo2Vec,45,27,0.0032983873625575255
Phylo2Vec,50,27,0.00230986381764502
ape (rmtree),5,27,0.0016009571676084671
ape (rmtree),10,27,0.004716075774570658
ape (rmtree),15,27,0.003760108882291408
ape (rmtree),20,27,0.0027822107421510687
ape (rmtree),25,27,0.005765904899676839
ape (rmtree),30,27,0.0037038173735082502
ape (rmtree),35,27,0.0025920311406274696
ape (rmtree),40,27,0.0018488162867647782
ape (rmtree),45,27,0.0014246912996497695
ape (rmtree),50,27,0.004303509346995065
Phylo2Vec,5,28,0.0015825929346976048
Phylo2Vec,10,28,0.00800831997783107
Phylo2Vec,15,28,0.001560626221609785
Phylo2Vec,20,28,0.0024416040715301117
Phylo2Vec,25,28,0.003926803639684191
Phylo2Vec,30,28,0.003923392162924921
Phylo2Vec,35,28,0.004888414925924362
Phylo2Vec,40,28,0.0034854258583366885
Phylo2Vec,45,28,0.00944137572391858
Phylo2Vec,50,28,0.0011587325776621915
ape (rmtree),5,28,0.0013481121327952074
ape (rmtree),10,28,0.005824941622576669
ape (rmtree),15,28,0.00210059578184852
ape (rmtree),20,28,0.0030426089937701196
ape (rmtree),25,28,0.0014433716048775005
ape (rmtree),30,28,0.0017528024292745442
ape (rmtree),35,28,0.00231361151786718
ape (rmtree),40,28,0.0015475114444317506
ape (rmtree),45,28,0.0018069699310686096
ape (rmtree),50,28,0.0038026939324286822
Phylo2Vec,5,29,0.0022792839842000383
Phylo2Vec,10,29,0.0018374890074655138
Phylo2Vec,15,29,0.0042849128156492305
Phylo2Vec,20,29,0.005466698742033399
Phylo2Vec,25,29,0.0020666071158444085
Phylo2Vec,30,29,0.0023614641004378427
Phylo2Vec,35,29,0.002962302090867716
Phylo2Vec,40,29,0.002295016664226022
Phylo2Vec,45,29,0.003835171039473076
Phylo2Vec,50,29,0.0024284498881510623
ape (rmtree),5,29,0.002398374794177663
ape (rmtree),10,29,0.0026849961196752595
ape (rmtree),15,29,0.001714430474152026
ape (rmtree),20,29,0.0013297602670761938
ape (rmtree),25,29,0.0024863569836464632
ape (rmtree),30,29,0.0021594726394150105
ape (rmtree),35,29,0.005884237279684321
ape (rmtree),40,29,0.004175885793849199
ape (rmtree),45,29,0.0020729179420192045
ape (rmtree),50,29,0.003051750595707531
Phylo2Vec,5,30,0.0008503229251589826
Phylo2Vec,10,30,0.001367305985091858
Phylo2Vec,15,30,0.00409247300349902
Phylo2Vec,20,30,0.0009414863418607672
Phylo2Vec,25,30,0.005185144714507088
Phylo2Vec,30,30,0.0015131790293856405
Phylo2Vec,35,30,0.0025794548155881197
Phylo2Vec,40,30,0.005608258855909411
Phylo2Vec,45,30,0.0008131438080294763
Phylo2Vec,50,30,0.00333571283530084
ape (rmtree),5,30,0.000639650017934056
ape (rmtree),10,30,0.0035084489305282837
ape (rmtree),15,30,0.0017986725013183266
ape (rmtree),20,30,0.0020221883924387007
ape (rmtree),25,30,0.0035127082218844668
ape (rmtree),30,30,0.0014438301020461754
ape (rmtree),35,30,0.005281873506763532
ape (rmtree),40,30,0.0029029970078874763
ape (rmtree),45,30,0.0026566594913497305
ape (rmtree),50,30,0.0034849150293432283
Phylo2Vec,5,31,0.0009402657104597904
Phylo2Vec,10,31,0.0028407827268970877
Phylo2Vec,15,31,0.002536422344186582
Phylo2Vec,20,31,0.001357289686607097
Phylo2Vec,25,31,0.0037000977967186696
Phylo2Vec,30,31,0.0024582826134133193
Phylo2Vec,35,31,0.0012010056054622218
Phylo2Vec,40,31,0.0022712692420603607
Phylo2Vec,45,31,0.0028299607470140715
Phylo2Vec,50,31,0.0023472004763059433
ape (rmtree),5,31,0.0007057691972756509
ape (rmtree),10,31,0.0025549528090338565
ape (rmtree),15,31,0.0022617275950167575
ape (rmtree),20,31,0.003501770022927876
ape (rmtree),25,31,0.0020913197200099487
ape (rmtree),30,31,0.000769217975463447
ape (rmtree),35,31,0.0015668562672819086
ape (rmtree),40,31,0.0028229817119582324
ape (rmtree),45,31,0.0029457523210469436
ape (rmtree),50,31,0.004372036385853158
Phylo2Vec,5,32,0.002135971821320728
Phylo2Vec,10,32,0.005025737179279869
Phylo2Vec,15,32,0.003210524271550788
Phylo2Vec,20,32,0.004595630254148537
Phylo2Vec,25,32,0.0031064496243422626
Phylo2Vec,30,32,0.00098620696096784
Phylo2Vec,35,32,0.0032607280132452704
Phylo2Vec,40,32,0.0008854998784622384
Phylo2Vec,45,32,0.0009301586780757296
Phylo2Vec,50,32,0.0032742920875618135
ape (rmtree),5,32,0.006103858146640918
ape (rmtree),10,32,0.0016084961583077097
ape (rmtree),15,32,0.000974606270302495
ape (rmtree),20,32,0.0010808853403972106
ape (rmtree),25,32,0.0012123840441631145
ape (rmtree),30,32,0.002781029573397509
ape (rmtree),35,32,0.002276703610609072
ape (rmtree),40,32,0.0033615976497714806
ape (rmtree),45,32,0.0015332840947760856
ape (rmtree),50,32,0.0030409146096157837
Phylo2Vec,5,33,0.005432192399115569
Phylo2Vec,10,33,0.0019809634167086247
Phylo2Vec,15,33,0.006247935544516213
Phylo2Vec,20,33,0.010766080155708315
Phylo2Vec,25,33,0.008979362181160525
Phylo2Vec,30,33,0.0022252312350880413
Phylo2Vec,35,33,0.0048627621767463654
Phylo2Vec,40,33,0.002800448272425579
Phylo2Vec,45,33,0.006853761363319867
Phylo2Vec,50,33,0.0036516144255145985
ape (rmtree),5,33,0.006437798065783193
ape (rmtree),10,33,0.0024560219740100194
ape (rmtree),15,33,0.0027202691932599506
ape (rmtree),20,33,0.009406774219384989
ape (rmtree),25,33,0.0043205543806947785
ape (rmtree),30,33,0.0010202616549261669
ape (rmtree),35,33,0.0014099369412341883
ape (rmtree),40,33,0.0006108933077418003
ape (rmtree),45,33,0.002036131670836095
ape (rmtree),50,33,0.0018258954335757978
Phylo2Vec,5,34,0.0012870535153607487
Phylo2Vec,10,34,0.001941646653714377
Phylo2Vec,15,34,0.004884669060879615
Phylo2Vec,20,34,0.00536466952015731
Phylo2Vec,25,34,0.0015453938641487464
Phylo2Vec,30,34,0.0014057319344479991
Phylo2Vec,35,34,0.006583301007488759
Phylo2Vec,40,34,0.0026271419472732073
Phylo2Vec,45,34,0.0022829024806509954
Phylo2Vec,50,34,0.0026197165193515178
ape (rmtree),5,34,0.0032256118465849373
ape (rmtree),10,34,0.0027382984976523908
ape (rmtree),15,34,0.008114627767378223
ape (rmtree),20,34,0.0023453636059222642
ape (rmtree),25,34,0.002166726970193085
ape (rmtree),30,34,0.003409471484844875
ape (rmtree),35,34,0.004064314543723142
ape (rmtree),40,34,0.004419055034074098
ape (rmtree),45,34,0.0034647966244472734
ape (rmtree),50,34,0.0018938206940386122
Phylo2Vec,5,35,0.0033270770758852056
Phylo2Vec,10,35,0.003590927653698328
Phylo2Vec,15,35,0.0062308263655954585
Phylo2Vec,20,35,0.004399593398042561
Phylo2Vec,25,35,0.0030205314157502466
Phylo2Vec,30,35,0.0018933310160947556
Phylo2Vec,35,35,0.0024748680316864953
Phylo2Vec,40,35,0.0027956850630162303
Phylo2Vec,45,35,0.0011356584340710847
Phylo2Vec,50,35,0.001568343299364552
ape (rmtree),5,35,0.0016549730874644549
ape (rmtree),10,35,0.003987215779208448
ape (rmtree),15,35,0.006371849804529331
ape (rmtree),20,35,0.004516976669327169
ape (rmtree),25,35,0.002766743986159407
ape (rmtree),30,35,0.0019434911367992441
ape (rmtree),35,35,0.00300981892214083
ape (rmtree),40,35,0.003137771996554739
ape (rmtree),45,35,0.0019971056300467846
ape (rmtree),50,35,0.006108746212132599
Phylo2Vec,5,36,0.009133708877589651
Phylo2Vec,10,36,0.002753292017288262
Phylo2Vec,15,36,0.0016091170596715413
Phylo2Vec,20,36,0.0014078208305256723
Phylo2Vec,25,36,0.0037352350225591524
Phylo2Vec,30,36,0.0016078500791838531
Phylo2Vec,35,36,0.0021655825753789867
Phylo2Vec,40,36,0.0017260906542137136
Phylo2Vec,45,36,0.004270948135349784
Phylo2Vec,50,36,0.006245439637231884
ape (rmtree),5,36,0.00878376297180744
ape (rmtree),10,36,0.0065609187368353
ape (rmtree),15,36,0.0018583861250400825
ape (rmtree),20,36,0.0005984413811592829
ape (rmtree),25,36,0.003070299392506262
ape (rmtree),30,36,0.0022109642571640636
ape (rmtree),35,36,0.003051566396752043
ape (rmtree),40,36,0.0028456521803452654
ape (rmtree),45,36,0.001890748484033214
ape (rmtree),50,36,0.0008101717817665683
Phylo2Vec,5,37,0.002687685191061826
Phylo2Vec,10,37,0.006593012960886352
Phylo2Vec,15,37,0.009388904333363757
Phylo2Vec,20,37,0.0024258199649613787
Phylo2Vec,25,37,0.00024213253713874314
Phylo2Vec,30,37,0.0007488008101100515
Phylo2Vec,35,37,0.00993041632018369
Phylo2Vec,40,37,0.0036235073977631746
Phylo2Vec,45,37,0.0022378295203288505
Phylo2Vec,50,37,0.0016201941687623393
ape (rmtree),5,37,0.003129463608566304
ape (rmtree),10,37,0.004637546620442058
ape (rmtree),15,37,0.0033748659313973736
ape (rmtree),20,37,0.0035848444948990456
ape (rmtree),25,37,0.0010660159160288014
ape (rmtree),30,37,0.00137150302460963
ape (rmtree),35,37,0.003346081174791425
ape (rmtree),40,37,0.0020721676971985972
ape (rmtree),45,37,0.004997410124437499
ape (rmtree),50,37,0.0023932230859854786
Phylo2Vec,5,38,0.003228362283243514
Phylo2Vec,10,38,0.005054692841712546
Phylo2Vec,15,38,0.003489245825995681
Phylo2Vec,20,38,0.0015391307697882502
Phylo2Vec,25,38,0.0021718126622899472
Phylo2Vec,30,38,0.001101441676873721
Phylo2Vec,35,38,0.004020350736084408
Phylo2Vec,40,38,0.004055347656097816
Phylo2Vec,45,38,0.0010512775261854335
Phylo2Vec,50,38,0.002843962774696167
ape (rmtree),5,38,0.005154446164795587
ape (rmtree),10,38,0.0015590596401432355
ape (rmtree),15,38,0.007604130187776441
ape (rmtree),20,38,0.0014294536880355244
ape (rmtree),25,38,0.0006277305857313661
ape (rmtree),30,38,0.004504192466701459
ape (rmtree),35,38,0.0015208512371513022
ape (rmtree),40,38,0.0041998159962222704
ape (rmtree),45,38,0.0008044754238698999
ape (rmtree),50,38,0.0005523774845532926
Phylo2Vec,5,39,0.0036134495551451984
Phylo2Vec,10,39,0.0017924801459693028
Phylo2Vec,15,39,0.0033656340980051415
Phylo2Vec,20,39,0.007275195469464514
Phylo2Vec,25,39,0.0038762210887642
Phylo2Vec,30,39,0.002153244833008952
Phylo2Vec,35,39,0.0016999755279934765
Phylo2Vec,40,39,0.004893400056664842
Phylo2Vec,45,39,0.001872453819526625
Phylo2Vec,50,39,0.002548171443551364
ape (rmtree),5,39,0.004848048067023641
ape (rmtree),10,39,0.002665722828487198
ape (rmtree),15,39,0.0013124214706331668
ape (rmtree),20,39,0.0046471887360198805
ape (rmtree),25,39,0.0019045632178316119
ape (rmtree),30,39,0.0012212486479357479
ape (rmtree),35,39,0.0030745264168359158
ape (rmtree),40,39,0.0023199550433511172
ape (rmtree),45,39,0.0022649002545939954
ape (rmtree),50,39,0.0028408850323695285
Phylo2Vec,5,40,0.001906973351450238
Phylo2Vec,10,40,0.009075855421368994
Phylo2Vec,15,40,0.0026528540966007153
Phylo2Vec,20,40,0.004576440406443033
Phylo2Vec,25,40,0.003242215702700682
Phylo2Vec,30,40,0.004703023327661215
Phylo2Vec,35,40,0.006131357434596831
Phylo2Vec,40,40,0.004291132230385207
Phylo2Vec,45,40,0.0016089221663919823
Phylo2Vec,50,40,0.0008619646168204404
ape (rmtree),5,40,0.0015307021626615267
ape (rmtree),10,40,0.0032987032364651028
ape (rmtree),15,40,0.003291556291168233
ape (rmtree),20,40,0.0044443355375256705
ape (rmtree),25,40,0.0015148506183902295
ape (rmtree),30,40,0.0021204809989115447
ape (rmtree),35,40,0.0013948257441917036
ape (rmtree),40,40,0.0019095261088842696
ape (rmtree),45,40,0.0009682003695278222
ape (rmtree),50,40,0.0017688113862114755
Phylo2Vec,5,41,0.0040319215005959474
Phylo2Vec,10,41,0.003317764799004669
Phylo2Vec,15,41,0.00649535566653818
Phylo2Vec,20,41,0.0006969895340248403
Phylo2Vec,25,41,0.004162168011219576
Phylo2Vec,30,41,0.0033996720329223344
Phylo2Vec,35,41,0.0026064755683280873
Phylo2Vec,40,41,0.0015375207593612934
Phylo2Vec,45,41,0.002082263752620935
Phylo2Vec,50,41,0.002305769484843463
ape (rmtree),5,41,0.0008997688556319251
ape (rmtree),10,41,0.002654680813483676
ape (rmtree),15,41,0.002589140980223406
ape (rmtree),20,41,0.002589370322048784
ape (rmtree),25,41,0.0020380409303196387
ape (rmtree),30,41,0.0011016766178266277
ape (rmtree),35,41,0.0009211689390354813
ape (rmtree),40,41,0.001906776415071464
ape (rmtree),45,41,0.002471143751796679
ape (rmtree),50,41,0.0011928561496247318
Phylo2Vec,5,42,0.004230384691833452
Phylo2Vec,10,42,0.0008170952637686843
Phylo2Vec,15,42,0.003987901532887132
Phylo2Vec,20,42,0.004513526426239978
Phylo2Vec,25,42,0.0038102001634902146
Phylo2Vec,30,42,0.004067818668998016
Phylo2Vec,35,42,0.00042956191030553946
Phylo2Vec,40,42,0.0023594524812206655
Phylo2Vec,45,42,0.002834662515824548
Phylo2Vec,50,42,0.002831035890664458
ape (rmtree),5,42,0.0024284772531986696
ape (rmtree),10,42,0.0006103401131044503
ape (rmtree),15,42,0.0012975658338954523
ape (rmtree),20,42,0.001225049568557882
ape (rmtree),25,42,0.008623288863948256
ape (rmtree),30,42,0.0061436989039857365
ape (rmtree),35,42,0.003286604277429229
ape (rmtree),40,42,0.0059411050425372935
ape (rmtree),45,42,0.004155363346074218
ape (rmtree),50,42,0.001690003649998318
Phylo2Vec,5,43,0.0020833715803858423
Phylo2Vec,10,43,0.002762036084026198
Phylo2Vec,15,43,0.004726796776712533
Phylo2Vec,20,43,0.0057487269240861245
Phylo2Vec,25,43,0.013270525625286092
Phylo2Vec,30,43,0.0014008595749794039
Phylo2Vec,35,43,0.0019014278627917528
Phylo2Vec,40,43,0.005370065760766508
Phylo2Vec,45,43,0.0013438457544396164
Phylo2Vec,50,43,0.005671547075517494
ape (rmtree),5,43,0.0027760979475646257
ape (rmtree),10,43,0.002597983191308481
ape (rmtree),15,43,0.0027393662768197616
ape (rmtree),20,43,0.003982679705340705
ape (rmtree),25,43,0.003843837725390948
ape (rmtree),30,43,0.002291976888254839
ape (rmtree),35,43,0.009393672768278478
ape (rmtree),40,43,0.0026871916793152623
ape (rmtree),45,43,0.00029906038460326967
ape (rmtree),50,43,0.01023879507169266
Phylo2Vec,5,44,0.0015813473101690088
Phylo2Vec,10,44,0.0016606191904328833
Phylo2Vec,15,44,0.0014732747032219617
Phylo2Vec,20,44,0.002588384242698199
Phylo2Vec,25,44,0.00213622848039945
Phylo2Vec,30,44,0.0013336237557105108
Phylo2Vec,35,44,0.0017671775236186085
Phylo2Vec,40,44,0.0020215387220706045
Phylo2Vec,45,44,0.0047076570064540635
Phylo2Vec,50,44,0.00037346305973313693
ape (rmtree),5,44,0.007180801845055006
ape (rmtree),10,44,0.0027704103033803404
ape (rmtree),15,44,0.00326795337645229
ape (rmtree),20,44,0.00350838580748683
ape (rmtree),25,44,0.0049016741475855635
ape (rmtree),30,44,0.004019773343814766
ape (rmtree),35,44,0.0017663165138455325
ape (rmtree),40,44,0.002173326334078738
ape (rmtree),45,44,0.0062210865890068995
ape (rmtree),50,44,0.002096514581538037
Phylo2Vec,5,45,0.0038182953621445567
Phylo2Vec,10,45,0.0014237010296791301
Phylo2Vec,15,45,0.0032341421913680037
Phylo2Vec,20,45,0.0060295039878268605
Phylo2Vec,25,45,0.0033877689618857267
Phylo2Vec,30,45,0.006058043653979682
Phylo2Vec,35,45,0.0014919185383045004
Phylo2Vec,40,45,0.005576203100562895
Phylo2Vec,45,45,0.0005872298993214939
Phylo2Vec,50,45,0.0021642664447848485
ape (rmtree),5,45,0.0051838031557986
ape (rmtree),10,45,0.001698429390056563
ape (rmtree),15,45,0.004973807002303335
ape (rmtree),20,45,0.008615109693425806
ape (rmtree),25,45,0.0026803131195829045
ape (rmtree),30,45,0.0012394898805544556
ape (rmtree),35,45,0.0040972498863936675
ape (rmtree),40,45,0.0032401832410442104
ape (rmtree),45,45,0.004267661031342792
ape (rmtree),50,45,0.0017263706541204285
Phylo2Vec,5,46,0.012714925506591201
Phylo2Vec,10,46,0.003795180221447536
Phylo2Vec,15,46,0.00401275086771501
Phylo2Vec,20,46,0.004169453587151158
Phylo2Vec,25,46,0.0028050382129803583
Phylo2Vec,30,46,0.00688279964621262
Phylo2Vec,35,46,0.00338534106025384
Phylo2Vec,40,46,0.0042281110819455195
Phylo2Vec,45,46,0.0031734239632736916
Phylo2Vec,50,46,0.0014783916784420186
ape (rmtree),5,46,0.0037178671239587943
ape (rmtree),10,46,0.0023006797785905912
ape (rmtree),15,46,0.0023164402588272143
ape (rmtree),20,46,0.0036971684028651933
ape (rmtree),25,46,0.0016012993876632624
ape (rmtree),30,46,0.006328931337282781
ape (rmtree),35,46,0.0036676260381565164
ape (rmtree),40,46,0.0014658335010612634
ape (rmtree),45,46,0.0025368588462198905
ape (rmtree),50,46,0.0008400490692701459
Phylo2Vec,5,47,0.0025570555245865104
Phylo2Vec,10,47,0.004664374105693297
Phylo2Vec,15,47,0.003207701029466735
Phylo2Vec,20,47,0.0011463217272897064
Phylo2Vec,25,47,0.0030513447369158384
Phylo2Vec,30,47,0.0011211427887954806
Phylo2Vec,35,47,0.0034539040604825728
Phylo2Vec,40,47,0.002447858473946008
Phylo2Vec,45,47,0.003680091997847799
Phylo2Vec,50,47,0.0030379766912990522
ape (rmtree),5,47,0.001708451469710725
ape (rmtree),10,47,0.0012505938948875472
ape (rmtree),15,47,0.004703525361584651
ape (rmtree),20,47,0.0012578441970488748
ape (rmtree),25,47,0.005044280498126705
ape (rmtree),30,47,0.002237064603012793
ape (rmtree),35,47,0.0019590031650820678
ape (rmtree),40,47,0.0037833761215721393
ape (rmtree),45,47,0.0021245321342795755
ape (rmtree),50,47,0.0010480340733539277
Phylo2Vec,5,48,0.004124897402230269
Phylo2Vec,10,48,0.0018454484383483086
Phylo2Vec,15,48,0.003455589454443273
Phylo2Vec,20,48,0.00284858613175429
Phylo2Vec,25,48,0.0031311680028152794
Phylo2Vec,30,48,0.0035939600762104063
Phylo2Vec,35,48,0.0004678008359390116
Phylo2Vec,40,48,0.0011479572424901302
Phylo2Vec,45,48,0.003818777043960461
Phylo2Vec,50,48,0.0022874688842478477
ape (rmtree),5,48,0.0017182494842964556
ape (rmtree),10,48,0.00467107047034207
ape (rmtree),15,48,0.007882113659574357
ape (rmtree),20,48,0.0031832531985048138
ape (rmtree),25,48,0.0027919099783803736
ape (rmtree),30,48,0.002428393843851729
ape (rmtree),35,48,0.00424669870783867
ape (rmtree),40,48,0.0014372632604232674
ape (rmtree),45,48,0.0029467764966986717
ape (rmtree),50,48,0.0017101350185424191
Phylo2Vec,5,49,0.0027654695989479863
Phylo2Vec,10,49,0.001769615926999639
Phylo2Vec,15,49,0.004232842281305459
Phylo2Vec,20,49,0.00257939142746508
Phylo2Vec,25,49,0.00360605747609329
Phylo2Vec,30,49,0.004082794326930185
Phylo2Vec,35,49,0.0037584299163636783
Phylo2Vec,40,49,0.0008990780399039397
Phylo2Vec,45,49,0.004864492896906887
Phylo2Vec,50,49,0.004185737988676878
ape (rmtree),5,49,0.0012380759120957045
ape (rmtree),10,49,0.0027914088894080077
ape (rmtree),15,49,0.005738247107559043
ape (rmtree),20,49,0.0017295235932858616
ape (rmtree),25,49,0.006582630807633147
ape (rmtree),30,49,0.001435656192932786
ape (rmtree),35,49,0.0031710797167700637
ape (rmtree),40,49,0.003655572688845483
ape (rmtree),45,49,0.0074582611571786155
ape (rmtree),50,49,0.002489302968142826
